"","old_code","old_scientificName","old_UpdateStatus","Alternative.scientific.name","new_code","new_UpdateStatus"
"1","A748","Alopochen aegyptiaca","Deletion","Alopochen aegyptiacus","not found in Natura2000 List","not available"
"2","A011","Puffinus gravis","Deletion","Ardenna gravis","A852","Addition"
"3","A012","Puffinus griseus","Deletion","Ardenna grisea","A853","Addition"
"4","A015","Oceanodroma leucorhoa","Deletion","Hydrobates leucorhous","A854","Addition"
"5","A027","Egretta alba","Deletion","Casmerodius albus","not found in Natura2000 List","not available"
"6","A027","Egretta alba","Deletion","Ardea alba","A773","Addition"
"7","A050","Anas penelope","Deletion","Mareca penelope","A855","Addition"
"8","A051","Anas strepera","Deletion","Mareca strepera","A889","Addition"
"9","A055","Anas querquedula","Deletion","Spatula querquedula","A856","Addition"
"10","A056","Anas clypeata","Deletion","Spatula clypeata","A857","Addition"
"11","A068","Mergus albellus","Deletion","Mergellus albellus","A767","Addition"
"12","A089","Aquila pomarina","Deletion","Clanga pomarina","A858","Addition"
"13","A090","Aquila clanga","Deletion","Clanga clanga","A859","Addition"
"14","A093","Hieraaetus fasciatus","Deletion","Aquila fasciatus","not found in Natura2000 List","not available"
"15","A093","Hieraaetus fasciatus","Deletion","Aquila fasciata","A707","Addition"
"16","A106","Lagopus mutus","Deletion","Lagopus muta","A839","Addition"
"17","A107","Tetrao tetrix","Deletion","Lyrurus tetrix","A909","Addition"
"18","A117","Turnix sylvatica","Deletion","Turnix sylvaticus","A717","Addition"
"19","A120","Porzana parva","Deletion","Zapornia parva","A892","Addition"
"20","A121","Porzana pusilla","Deletion","Zapornia pusilla","A893","Addition"
"21","A139","Charadrius morinellus","Deletion","Eudromias morinellus","A727","Addition"
"22","A150","Limicola falcinellus","Deletion","Calidris falcinellus","A860","Addition"
"23","A151","Philomachus pugnax","Deletion","Calidris pugnax","A861","Addition"
"24","A177","Larus minutus","Deletion","Hydrocoloeus minutus","A862","Addition"
"25","A190","Sterna caspia","Deletion","Hydroprogne caspia","A894","Addition"
"26","A191","Sterna sandvicensis","Deletion","Thalasseus sandvicensis","A863","Addition"
"27","A195","Sterna albifrons","Deletion","Sternula albifrons","A885","Addition"
"28","A196","Chlidonias hybridus","Deletion","Chlidonias hybrida","A734","Addition"
"29","A216","Nyctea scandiaca","Deletion","Bubo scandiacus","A736","Addition"
"30","A216","Nyctea scandiaca","Deletion","Bubo scandiaca","not found in Natura2000 List","not available"
"31","A238","Dendrocopos medius","Deletion","Leiopicus medius","A868","Addition"
"32","A240","Dendrocopos minor","Deletion","Dryobates minor","A869","Addition"
"33","A252","Hirundo daurica","Deletion","Cecropis daurica","A479","Addition"
"34","A253","Delichon urbica","Deletion","Delichon urbicum","A738","Addition"
"35","A254","Anthus richardi","Deletion","Anthus novaeseelandiae","not found in Natura2000 List","not available"
"36","A272","Luscinia svecica","Deletion","Cyanecula svecica","A480","Addition"
"37","A325","Parus palustris","Deletion","Poecile palustris","A493","Addition"
"38","A326","Parus montanus","Deletion","Poecile montanus","A492","Addition"
"39","A327","Parus cristatus","Deletion","Lophophanes cristatus","A497","Addition"
"40","A328","Parus ater","Deletion","Periparus ater","A473","Addition"
"41","A329","Parus caeruleus","Deletion","Cyanistes teneriffae","A484","Addition"
"42","A329","Parus caeruleus","Deletion","Cyanistes caeruleus s. str","not found in Natura2000 List","not available"
"43","A353","Sturnus roseus","Deletion","Pastor roseus","A494","Addition"
"44","A365","Carduelis spinus","Deletion","Spinus spinus","A478","Addition"
"45","A366","Carduelis cannabina","Deletion","Linaria cannabina","A476","Addition"
"46","A367","Carduelis flavirostris","Deletion","Linaria flavirostris","A477","Addition"
"47","A368","Carduelis flammea","Deletion","Carduelis flammea flammea","not found in Natura2000 List","not available"
"48","A368","Carduelis flammea","Deletion","Acanthis flammea","A474","Addition"
"49","A384","Puffinus puffinus mauretanicus","Deletion","Puffinus mauretanicus","A693","Addition"
"50","A390","Oceanodroma castro","Deletion","Hydrobates castro","A874","Addition"
"51","A393","Phalacrocorax pygmeus","Deletion","Microcarbo pygmaeus","A875","Addition"
"52","A407","Lagopus mutus pyrenaicus","Deletion","Lagopus muta pyrenaica","A712","Addition"
"53","A408","Lagopus mutus helveticus","Deletion","Lagopus muta helvetica","A713","Addition"
"54","A409","Tetrao tetrix tetrix","Deletion","Lyrurus tetrix tetrix","A876","Addition"
"55","A410","Tetrao tetrix britannicus","Deletion","Lyrurus tetrix britannicus","A877","Addition"
"56","A418","Hoplopterus spinosus","Deletion","Vanellus spinosus","A728","Addition"
"57","A431","Calandrella rufescens","Deletion","Alaudala rufescens","A475","Addition"
"58","A443","Parus lugubris","Deletion","Poecile lugubris","A491","Addition"
"59","A454","Cyanopica cyanus","Deletion","Cyanopica cyana","not found in Natura2000 List","not available"
"60","A454","Cyanopica cyanus","Deletion","Cyanopica cooki","A481","Addition"
"61","A462","Lagopus lagopus scoticus","Deletion","Lagopus lagopus scotica","A711","Addition"
"62","A470","Parus ater cypriotes","Deletion","Periparus ater cypriotes","A471","Addition"
"63","A503","Procellaria diomedea","Deletion","Calonectris diomedea","A850","Addition"
"64","A510","Aquila rapax","Deletion","Aquila rapax rapax","not found in Natura2000 List","not available"
"65","A518","Tringa cinerea","Deletion","Xenus cinereus","A167","Remains"
"66","A524","Melanocorypha leucoptera","Deletion","Alauda leucoptera","not found in Natura2000 List","not available"
"67","A526","Anthus novaeseelandiae","Deletion","Anthus richardi","not found in Natura2000 List","not available"
"68","A527","Motacilla finere","Deletion","Motacilla cinerea","A261","Remains"
"69","A535","Regulus teneriffae","Deletion","Regulus regulus teneriffae","not found in Natura2000 List","not available"
"70","A537","Parus cinctus","Deletion","Poecile cinctus","A490","Addition"
"71","A538","Parus cyanus","Deletion","Cyanistes cyanus","not found in Natura2000 List","not available"
"72","A543","Carduelis hornemanni","Deletion","Carduelis flammea hornemanni","not found in Natura2000 List","not available"
"73","A546","Rhodopechys githaginea","Deletion","Bucanetes githagineus","A452","Remains"
"74","A549","Podiceps caspicus","Deletion","Podiceps nigricollis","A008","Remains"
"75","A552","Butorides virescens","Deletion","Ardea virescens","not found in Natura2000 List","not available"
"76","A552","Butorides virescens","Deletion","Butorides striatus","not found in Natura2000 List","not available"
"77","A554","Alopochen aegyptiacus","Deletion","Alopochen aegyptiaca","not found in Natura2000 List","not available"
"78","A564","Sterna fuscata","Deletion","Onychoprion fuscatus","A882","Addition"
"79","A567","Phoenicurus torquata","Deletion","Saxicola torquata","not found in Natura2000 List","not available"
"80","A567","Phoenicurus torquata","Deletion","Saxicola torquatus","A276","Remains"
"81","A602","Sterna bengalensis","Deletion","Thalasseus bengalensis","A883","Addition"
"82","A606","Chettusia gregaria","Deletion","Vanellus gregarius","not found in Natura2000 List","not available"
"83","A624","Chettusia leucura","Deletion","Vanellus leucurus","not found in Natura2000 List","not available"
"84","A626","Lagopus mutus mutus","Deletion","Lagopus muta muta","not found in Natura2000 List","not available"
"85","A628","Lagopus mutus millaisi","Deletion","Lagopus muta millaisi","not found in Natura2000 List","not available"
"86","A630","Oceanodroma monteiroi","Deletion","Hydrobates monteiroi","A884","Addition"
"87","A636","Fringilla teydea teydea","Deletion","Fringilla teydea s. str","not found in Natura2000 List","not available"
"88","A643","Fringilla teydea polatzeki","Deletion","Fringilla polatzeki","A485","Addition"
"89","A655","Lanius excubitor meridionalis","Deletion","Lanius meridionalis","A496","Addition"
"90","A656","Parus ater","Deletion","Periparus ater all others","not found in Natura2000 List","not available"
"91","A681","Carduelis cabaret","Deletion","Carduelis flammea cabaret","not found in Natura2000 List","not available"
"92","6088","Ablepharus kitaibelii fitzingeri","Deletion","Ablepharus kitaibelii","1276","Remains"
"93","5924","Abramis bjoerkna","Deletion","Blicca bjoerkna","not found in Natura2000 List","not available"
"94","6117","Acanthodactylus erythrurus belli","Deletion","Acanthodactylus erythrurus","not found in Natura2000 List","not available"
"95","6313","Aconitum napellus subsp. corsicum","Deletion","Aconitum corsicum","1475","Remains"
"96","6170","Actias isabellae","Deletion","Graellsia isabelae","not found in Natura2000 List","not available"
"97","6170","Actias isabellae","Deletion","Graellsia isabellae","1075","Remains"
"98","6140","Agama stellio","Deletion","Stellio stellio","not found in Natura2000 List","not available"
"99","6140","Agama stellio","Deletion","Laudakia stellio","6139","Remains"
"100","2500","Alburnoides bipunctatus","Deletion","Alburnoides bipunctatus thessalicus","not found in Natura2000 List","not available"
"101","6120","Alburnoides bipunctatus thessalicus","Deletion","Alburnoides bipunctatus","not found in Natura2000 List","not available"
"102","5539","Alburnus alburnus","Deletion","Alburnus alburnus alborella","not found in Natura2000 List","not available"
"103","5982","Alburnus alburnus alborella","Deletion","Alburnus alburnus","not found in Natura2000 List","not available"
"104","5983","Alburnus alburnus macedonicus","Deletion","Alburnus macedonicus","not found in Natura2000 List","not available"
"105","5540","Alburnus macedonicus","Deletion","Alburnus alburnus macedonicus","not found in Natura2000 List","not available"
"106","6249","Alburnus vulturius","Deletion","Alburnus albidus","1120","Remains"
"107","1989","Alosa caspia vistonica","Deletion","Alosa vistonica","5048","Remains"
"108","1508","Alyssum pyrenaicum","Deletion","Hormathophylla pyrenaica","6998","Addition"
"109","5937","Ameiurus melas","Deletion","Ictalurus melas","not found in Natura2000 List","not available"
"110","5938","Ameiurus nebulosus","Deletion","Ictalurus nebulosus","not found in Natura2000 List","not available"
"111","6302","Anacamptis pyramidalis","Deletion","Anacamptis urvilleana","4102","Remains"
"112","6266","Androcymbium gramineum gramineum","Deletion","Androcymbium europaeum","1844","Remains"
"113","6186","Anemone slavica","Deletion","Pulsatilla halleri subsp. slavica","not found in Natura2000 List","not available"
"114","6186","Anemone slavica","Deletion","Pulsatilla slavica","2094","Remains"
"115","2432","Anguis fragilis","Deletion","Anguis fragilis fragilis","not found in Natura2000 List","not available"
"116","6116","Anguis fragilis fragilis","Deletion","Anguis fragilis","not found in Natura2000 List","not available"
"117","6203","Anthyllis vulneraria subsp. lusitanica","Deletion","Anthyllis lusitanica","1554","Remains"
"118","5920","Apristurus laurussonii","Deletion","Apristurus maderensis","not found in Natura2000 List","not available"
"119","6032","Apristurus maderensis","Deletion","Apristurus laurussonii","not found in Natura2000 List","not available"
"120","6259","Archaeolacerta mosorensis","Deletion","Lacerta mosorensis","not found in Natura2000 List","not available"
"121","6259","Archaeolacerta mosorensis","Deletion","Dinarolacerta mosorensis","6342","Remains"
"122","6258","Archaeolacerta oxycephala","Deletion","Lacerta oxycephala","not found in Natura2000 List","not available"
"123","6258","Archaeolacerta oxycephala","Deletion","Dalmatolacerta oxycephala","6341","Remains"
"124","6204","Armeria littoralis","Deletion","Armeria neglecta","not found in Natura2000 List","not available"
"125","1637","Armeria neglecta","Deletion","Armeria littoralis","not found in Natura2000 List","not available"
"126","5559","Arvicola amphibius","Deletion","Arvicola terrestris","not found in Natura2000 List","not available"
"127","5966","Arvicola terrestris","Deletion","Arvicola amphibius","not found in Natura2000 List","not available"
"128","1757","Aster sorrentinii","Deletion","Tripolium sorrentinoi","6994","Addition"
"129","1557","Astragalus centralpinus","Deletion","Astragalus alopecurus","6269","Remains"
"130","2650","Atelerix algirus","Deletion","Erinaceus algirus","5978","Remains"
"131","6033","Auxis rochei","Deletion","Auxis rochei rochei","not found in Natura2000 List","not available"
"132","5921","Auxis rochei rochei","Deletion","Auxis rochei","not found in Natura2000 List","not available"
"133","5932","Awaous commersoni","Deletion","Gobius niger","not found in Natura2000 List","not available"
"134","5948","Babka gymnotrachelus","Deletion","Neogobius gymnotrachelus","not found in Natura2000 List","not available"
"135","5917","Balistes capriscus","Deletion","Balistes carolinensis","not found in Natura2000 List","not available"
"136","6030","Balistes carolinensis","Deletion","Balistes capriscus","not found in Natura2000 List","not available"
"137","5565","Barbatula barbatula","Deletion","Noemacheilus barbatulus","not found in Natura2000 List","not available"
"138","5565","Barbatula barbatula","Deletion","Orthrias barbatulus","not found in Natura2000 List","not available"
"139","6003","Barbatula bureschi","Deletion","Oxynoemacheilus bureschi","not found in Natura2000 List","not available"
"140","2501","Barbus bocagei","Deletion","Luciobarbus bocagei","5281","Remains"
"141","1143","Barbus capito","Deletion","Luciobarbus capito","not found in Natura2000 List","not available"
"142","1142","Barbus comizo","Deletion","Luciobarbus comizo","6168","Remains"
"143","5090","Barbus graecus","Deletion","Luciobarbus graecus","5282","Remains"
"144","5091","Barbus graellsii","Deletion","Luciobarbus graellsii","5283","Remains"
"145","5092","Barbus guiraonis","Deletion","Luciobarbus guiraonis","5284","Remains"
"146","2502","Barbus microcephalus","Deletion","Luciobarbus microcephalus","5285","Remains"
"147","2503","Barbus peloponensis","Deletion","Barbus peloponnesius","5094","Remains"
"148","2504","Barbus sclateri","Deletion","Luciobarbus sclateri","5286","Remains"
"149","2505","Barbus steindachneri","Deletion","Luciobarbus steindachneri","5287","Remains"
"150","1445","Bassia saxicola","Deletion","Eokochia saxicola","6955","Addition"
"151","1445","Bassia saxicola","Deletion","Kochia saxicola","not found in Natura2000 List","not available"
"152","6268","Bellevalia dubia subsp. hackelii","Deletion","Bellevalia hackelii","1838","Remains"
"153","1505","Biscutella vincentina","Deletion","Biscutella sempervirens subsp. vicentina","6174","Remains"
"154","6034","Blenius rouxi","Deletion","Parablennius rouxi","not found in Natura2000 List","not available"
"155","6009","Blennius fluviatilis","Deletion","Salaria fluviatilis","not found in Natura2000 List","not available"
"156","6035","Blennius incognitus","Deletion","Parablennius incognitus","not found in Natura2000 List","not available"
"157","6036","Blicca bjoerkna","Deletion","Abramis bjoerkna","not found in Natura2000 List","not available"
"158","5954","Bodianus scrofa","Deletion","Pseudolepidaplois scrofa","not found in Natura2000 List","not available"
"159","1500","Boleum asperum","Deletion","Vella aspera","7026","Addition"
"160","5925","Bothus podas","Deletion","Bothus podas maderensis","not found in Natura2000 List","not available"
"161","6037","Bothus podas maderensis","Deletion","Bothus podas","not found in Natura2000 List","not available"
"162","6163","Bryoerythrophyllum machadoanum","Deletion","Bryoerythrophyllum campylocarpum","1388","Remains"
"163","5939","Bubyr caucasicus kosswigii","Deletion","Knipowitschia caucasica","not found in Natura2000 List","not available"
"164","1202","Bufo calamita","Deletion","Epidalea calamita","6284","Remains"
"165","1201","Bufo viridis","Deletion","Bufotes viridis","6997","Addition"
"166","1078","Callimorpha quadripunctaria","Deletion","Euplagia quadripunctaria","6199","Remains"
"167","6297","Campanula bohemica subsp. gelida","Deletion","Campanula scheuchzeri ","not found in Natura2000 List","not available"
"168","6297","Campanula bohemica subsp. gelida","Deletion","Campanula gelida ","not found in Natura2000 List","not available"
"169","6296","Campanula scheuchzeri","Deletion","Campanula gelida","2233","Remains"
"170","6296","Campanula scheuchzeri","Deletion","Campanula bohemica subsp. gelida  ","not found in Natura2000 List","not available"
"171","6102","Canis lupus signatus","Deletion","Canis lupus","1352","Remains"
"172","5915","Capra aegagrus aegagrus","Deletion","Capra aegagrus","1372","Remains"
"173","5914","Capra aegagrus blythi","Deletion","Capra aegagrus","1372","Remains"
"174","5580","Capra aegagrus cretica","Deletion","Capra aegagrus","1372","Remains"
"175","5913","Capra aegagrus turcmenica","Deletion","Capra aegagrus","1372","Remains"
"176","6111","Capra ibex ibex","Deletion","Capra ibex","1375","Remains"
"177","2644","Capreolus capreolus","Deletion","Capreolus capreolus italicus","not found in Natura2000 List","not available"
"178","5977","Capreolus capreolus italicus","Deletion","Capreolus capreolus","not found in Natura2000 List","not available"
"179","5986","Carassius auratus gibelio","Deletion","Carassius gibelio","not found in Natura2000 List","not available"
"180","5586","Carassius gibelio","Deletion","Carassius auratus gibelio","not found in Natura2000 List","not available"
"181","6175","Carex acuta","Deletion","Carex panormitana","1897","Remains"
"182","6270","Carthamus balearicus","Deletion","Centaurea balearica","not found in Natura2000 List","not available"
"183","6270","Carthamus balearicus","Deletion","Carduncellus balearicus","7017","Addition"
"184","1010","Caseolus commixta","Deletion","Caseolus commixtus","6973","Addition"
"185","1009","Caseolus sphaerula","Deletion","Caseolus subcalliferus","6974","Addition"
"186","1770","Centaurea alba subsp. heldreichii","Deletion","Centaurea heldreichii","6197","Remains"
"187","1830","Centaurea alba subsp. princeps","Deletion","Centaurea princeps","6198","Remains"
"188","1794","Centaurea balearica","Deletion","Carthamus balearicus","not found in Natura2000 List","not available"
"189","1794","Centaurea balearica","Deletion","Carduncellus balearicus","7017","Addition"
"190","6301","Centaurea boissieri subsp. spachii","Deletion","Centaurea pinnata ","not found in Natura2000 List","not available"
"191","6195","Centaurea fraylensis","Deletion","Centaurea vicentina","not found in Natura2000 List","not available"
"192","6195","Centaurea fraylensis","Deletion","Rhaponticoides fraylensis","6196","Remains"
"193","1785","Centaurea vicentina","Deletion","Centaurea fraylensis","not found in Natura2000 List","not available"
"194","1785","Centaurea vicentina","Deletion","Rhaponticoides fraylensis","6196","Remains"
"195","1660","Ceropegia chrysantha","Deletion","Ceropegia dichotoma subsp. krainzii","6295","Remains"
"196","5981","Chalcalburnus chalcoides mento","Deletion","Alburnus mento","5289","Remains"
"197","2437","Chalcides chalcides","Deletion","Chalcides chalcides chalcides","not found in Natura2000 List","not available"
"198","6118","Chalcides chalcides chalcides","Deletion","Chalcides chalcides","not found in Natura2000 List","not available"
"199","6086","Chalcides occidentalis","Deletion","Chalcides simonyi","1273","Remains"
"200","6086","Chalcides occidentalis","Deletion","Chalcides ocellatus","1274","Remains"
"201","6087","Chalcides ocellatus tiligugu","Deletion","Chalcides ocellatus","1274","Remains"
"202","6286","Cheirolophus crassifolius","Deletion","Palaeocyanus crassifolius","4085","Remains"
"203","5961","Chelidonichthys lucernus","Deletion","Trigla lucerna","not found in Natura2000 List","not available"
"204","6161","Chionodoxa luciliae","Deletion","Chionodoxa lochiae","2283","Remains"
"205","6161","Chionodoxa luciliae","Deletion","Scilla lochiae","not found in Natura2000 List","not available"
"206","5603","Chionomys nivalis","Deletion","Microtus nivalis","not found in Natura2000 List","not available"
"207","5181","Chondrostoma almacai","Deletion","Iberochondrostoma almacai","5295","Remains"
"208","5271","Chondrostoma arrigonis","Deletion","Parachondrostoma arrigonis","5294","Remains"
"209","5182","Chondrostoma duriense","Deletion","Pseudochondrostoma duriense","5296","Remains"
"210","1115","Chondrostoma genei","Deletion","Protochondrostoma genei","5962","Remains"
"211","6038","Chondrostoma lemmingii","Deletion","Rutilus lemmingii","1125","Remains"
"212","6038","Chondrostoma lemmingii","Deletion","Iberochondrostoma lemmingii","5926","Remains"
"213","5272","Chondrostoma miegii","Deletion","Parachondrostoma miegii","5292","Remains"
"214","5270","Chondrostoma turiense","Deletion","Parachondrostoma turiense","5293","Remains"
"215","2510","Chondrostoma willkommii","Deletion","Pseudochondrostoma willkommii","6162","Remains"
"216","6100","Citellus citellus","Deletion","Spermophilus citellus","1335","Remains"
"217","6254","Citellus suslicus","Deletion","Spermophilus suslicus","2608","Remains"
"218","6077","Cobitis aurata balcanica","Deletion","Sabanejewia aurata","1146","Remains"
"219","6078","Cobitis taenia taenia","Deletion","Cobitis taenia","1149","Remains"
"220","6039","Coelorhynchus coelorhynchus","Deletion","Coelorinchus caelorhincus caelorhincus","not found in Natura2000 List","not available"
"221","5927","Coelorinchus caelorhincus caelorhincus","Deletion","Coelorhynchus coelorhynchus","not found in Natura2000 List","not available"
"222","6299","Coincya cintrana","Deletion","Rhynchosinapis erucastrum subsp. cintrana","1492","Remains"
"223","6285","Colchicum cupanii subsp. cupanii","Deletion","Colchicum cousturieri ","not found in Natura2000 List","not available"
"224","6212","Colchicum neapolitanum","Deletion","Colchicum corsicum ","not found in Natura2000 List","not available"
"225","1278","Coluber caspius","Deletion","Dolichophis caspius","6138","Remains"
"226","2447","Coluber cypriensis","Deletion","Dolichophis cypriensis","7007","Addition"
"227","2007","Coluber gemonensis","Deletion","Hierophis gemonensis","5669","Remains"
"228","1288","Coluber hippocrepis","Deletion","Hemorrhois hippocrepis","5668","Remains"
"229","1280","Coluber jugularis","Deletion","Dolichophis jugularis","6089","Remains"
"230","1287","Coluber laurenti","Deletion","Hierophis gemonensis","5669","Remains"
"231","1287","Coluber laurenti","Deletion","Coluber gemonensis","not found in Natura2000 List","not available"
"232","1286","Coluber najadum","Deletion","Platyceps najadum","6092","Remains"
"233","1285","Coluber nummifer","Deletion","Hemorrhois nummifer","6153","Remains"
"234","1284","Coluber viridiflavus","Deletion","Hierophis viridiflavus","5670","Remains"
"235","6040","Conger conger","Deletion","Muraena conger","not found in Natura2000 List","not available"
"236","5980","Coregonus autumnalis pollan","Deletion","Coregonus pollan","5076","Remains"
"237","2592","Crocidura russula","Deletion","Crocidura russula balearica","not found in Natura2000 List","not available"
"238","2592","Crocidura russula","Deletion","Crocidura russula cossyrensis","not found in Natura2000 List","not available"
"239","2592","Crocidura russula","Deletion","Crocidura russula cypria","not found in Natura2000 List","not available"
"240","6122","Crocidura russula balearica","Deletion","Crocidura russula","not found in Natura2000 List","not available"
"241","6123","Crocidura russula cossyrensis","Deletion","Crocidura russula","not found in Natura2000 List","not available"
"242","6124","Crocidura russula cypria","Deletion","Crocidura russula","not found in Natura2000 List","not available"
"243","2593","Crocidura suaveolens","Deletion","Crocidura suaveolens balearica","not found in Natura2000 List","not available"
"244","2593","Crocidura suaveolens","Deletion","Crocidura suaveolens mimula","not found in Natura2000 List","not available"
"245","6126","Crocidura suaveolens balearica","Deletion","Crocidura suaveolens","not found in Natura2000 List","not available"
"246","6125","Crocidura suaveolens mimula","Deletion","Crocidura suaveolens","not found in Natura2000 List","not available"
"247","5617","Cyprinus carpio","Deletion","Cyprinus specularis","not found in Natura2000 List","not available"
"248","5988","Cyprinus specularis","Deletion","Cyprinus carpio","not found in Natura2000 List","not available"
"249","6154","Cyrtodactylus kotschyi","Deletion","Mediodactylus kotschyi","6958","Addition"
"250","6154","Cyrtodactylus kotschyi","Deletion","Cyrtopodion kotschyi","not found in Natura2000 List","not available"
"251","1228","Cyrtopodion kotschyi","Deletion","Mediodactylus kotschyi","6958","Addition"
"252","1228","Cyrtopodion kotschyi","Deletion","Cyrtodactylus kotschyi","not found in Natura2000 List","not available"
"253","4103","Dactylorhiza kalopissii","Deletion","Dactylorhiza kalopissii subsp. kalopissii","6996","Addition"
"254","6260","Darevskia armeniaca","Deletion","Lacerta armeniaca","not found in Natura2000 List","not available"
"255","6279","Darevskia caucasica","Deletion","Lacerta caucasica","not found in Natura2000 List","not available"
"256","6280","Darevskia derjugini","Deletion","Lacerta derjugini","not found in Natura2000 List","not available"
"257","6261","Darevskia praticola","Deletion","Lacerta praticola","not found in Natura2000 List","not available"
"258","5970","Delphinus fraenatus","Deletion","Stenella frontalis","2628","Remains"
"259","6041","Dentex dentex","Deletion","Sparus dentex","not found in Natura2000 List","not available"
"260","6171","Dianthus arenarius subsp. borussicus","Deletion","Dianthus arenarius subsp. bohemicus ","not found in Natura2000 List","not available"
"261","1469","Dianthus marizii","Deletion","Dianthus laricifolius subsp. marizii","6213","Remains"
"262","5183","Diphasiastrum alpinum","Deletion","Diphasium alpinum","not found in Natura2000 List","not available"
"263","5184","Diphasiastrum complanatum","Deletion","Diphasium complanatum","not found in Natura2000 List","not available"
"264","5198","Diphasiastrum issleri","Deletion","Diphasium issleri","not found in Natura2000 List","not available"
"265","5185","Diphasiastrum madeirense","Deletion","Diphasium madeirense","not found in Natura2000 List","not available"
"266","5248","Diphasium alpinum","Deletion","Diphasiastrum alpinum","not found in Natura2000 List","not available"
"267","5249","Diphasium complanatum","Deletion","Diphasiastrum complanatum","not found in Natura2000 List","not available"
"268","5250","Diphasium issleri","Deletion","Diphasiastrum issleri","not found in Natura2000 List","not available"
"269","2054","Diphasium madeirense","Deletion","Diphasiastrum madeirense","not found in Natura2000 List","not available"
"270","5252","Diphasium tristachyum","Deletion","Diphasiastrum tristachyum","5187","Remains"
"271","5989","Diplodus sargus","Deletion","Diplodus sargus sargus","not found in Natura2000 List","not available"
"272","5630","Diplodus sargus sargus","Deletion","Diplodus sargus","not found in Natura2000 List","not available"
"273","1497","Diplotaxis vicentina","Deletion","Diplotaxis siifolia subsp. vicentina","6980","Addition"
"274","6287","Discoglossus pictus pictus","Deletion","Discoglossus pictus","1189","Remains"
"275","1004","Discula leacockiana","Deletion","Hystricella leacockiana","6972","Addition"
"276","1005","Discula turricula","Deletion","Hystricella turricula","6971","Addition"
"277","6214","Draba glabella","Deletion","Draba cacuminum ","not found in Natura2000 List","not available"
"278","1393","Drepanocladus vernicosus","Deletion","Hamatocaulis vernicosus","6216","Remains"
"279","4067","Echium russicum","Deletion","Pontechium maculatum subsp. maculatum","6948","Addition"
"280","6136","Elaphe lineata","Deletion","Zamenis lineatus","5369","Remains"
"281","1281","Elaphe longissima","Deletion","Zamenis longissimus","6091","Remains"
"282","1281","Elaphe longissima","Deletion","Elaphe longissima longissima","not found in Natura2000 List","not available"
"283","6090","Elaphe longissima longissima","Deletion","Zamenis longissimus","6091","Remains"
"284","6090","Elaphe longissima longissima","Deletion","Elaphe longissima","not found in Natura2000 List","not available"
"285","1293","Elaphe situla","Deletion","Zamenis situla","6095","Remains"
"286","6132","Eliomys mumbyanus","Deletion","Eliomys quercinus","not found in Natura2000 List","not available"
"287","2615","Eliomys quercinus","Deletion","Eliomys mumbyanus","not found in Natura2000 List","not available"
"288","2615","Eliomys quercinus","Deletion","Eliomys quercinus liparensis","not found in Natura2000 List","not available"
"289","2615","Eliomys quercinus","Deletion","Eliomys quercinus ophiusae","not found in Natura2000 List","not available"
"290","2615","Eliomys quercinus","Deletion","Eliomys quercinus sardus","not found in Natura2000 List","not available"
"291","6133","Eliomys quercinus liparensis","Deletion","Eliomys quercinus","not found in Natura2000 List","not available"
"292","6134","Eliomys quercinus ophiusae","Deletion","Eliomys quercinus","not found in Natura2000 List","not available"
"293","6031","Eliomys quercinus sardus","Deletion","Eliomys quercinus","not found in Natura2000 List","not available"
"294","6042","Epinephelus alexandrinus","Deletion","Epinephelus fasciatus","not found in Natura2000 List","not available"
"295","5930","Epinephelus fasciatus","Deletion","Epinephelus alexandrinus","not found in Natura2000 List","not available"
"296","5979","Epinephelus guaza","Deletion","Epinephelus marginatus","not found in Natura2000 List","not available"
"297","3021","Epinephelus marginatus","Deletion","Epinephelus guaza","not found in Natura2000 List","not available"
"298","2651","Eptesicus bottae","Deletion","Eptesicus anatolicus","6924","Addition"
"299","6098","Eptesicus serotinus serotinus","Deletion","Eptesicus serotinus","1327","Remains"
"300","1624","Erica scoparia subsp. azorica","Deletion","Erica azorica","7000","Addition"
"301","6215","Erysimum hungaricum","Deletion","Erysimum pieninicum ","not found in Natura2000 List","not available"
"302","1576","Euphorbia lambii","Deletion","Euphorbia bourgeana","6173","Remains"
"303","1720","Euphrasia genargentea","Deletion","Euphrasia nana","6947","Addition"
"304","1173","Euproctus asper","Deletion","Calotriton asper","6944","Addition"
"305","6189","Favratia zoysii","Deletion","Campanula zoysii","4071","Remains"
"306","6105","Felis lynx","Deletion","Lynx lynx","1361","Remains"
"307","6106","Felis silvestris agrius","Deletion","Felis silvestris","1363","Remains"
"308","6107","Felis silvestris cretensis","Deletion","Felis silvestris","1363","Remains"
"309","6108","Felis silvestris lybica","Deletion","Felis silvestris","1363","Remains"
"310","6109","Felis silvestris schreber","Deletion","Felis silvestris","1363","Remains"
"311","6110","Felis silvestris silvestris","Deletion","Felis silvestris","1363","Remains"
"312","6188","Festuca summilusitanica","Deletion","Festuca summilusitana","1891","Remains"
"313","5652","Gallotia caesaris gomerae","Deletion","Gallotia galloti gomerae","not found in Natura2000 List","not available"
"314","5652","Gallotia caesaris gomerae","Deletion","Gallotia bravoana","not found in Natura2000 List","not available"
"315","5990","Gallotia galloti gomerae","Deletion","Gallotia caesaris gomerae","not found in Natura2000 List","not available"
"316","5990","Gallotia galloti gomerae","Deletion","Gallotia bravoana","not found in Natura2000 List","not available"
"317","1242","Gallotia simonyi","Deletion","Gallotia auaritae","7015","Addition"
"318","5991","Gambusia affinis holbrohoki","Deletion","Gambusia holbrooki","not found in Natura2000 List","not available"
"319","5654","Gambusia holbrooki","Deletion","Gambusia affinis holbrohoki","not found in Natura2000 List","not available"
"320","6104","Genetta genetta isabelae","Deletion","Genetta genetta","1360","Remains"
"321","2616","Glis glis","Deletion","Glis glis argenteus","not found in Natura2000 List","not available"
"322","2616","Glis glis","Deletion","Myoxus glis","not found in Natura2000 List","not available"
"323","5969","Glis glis argenteus","Deletion","Glis glis","not found in Natura2000 List","not available"
"324","6114","Globicephala melaena","Deletion","Globicephala melas","2029","Remains"
"325","6157","Gobio belingi","Deletion","Romanogobio belingi","5328","Remains"
"326","6159","Gobio elimeius","Deletion","Romanogobio elimeius","5330","Remains"
"327","2511","Gobio kessleri","Deletion","Romanogobio kesslerii","6143","Remains"
"328","1122","Gobio uranoscopus","Deletion","Romanogobio uranoscopus","6145","Remains"
"329","6158","Gobio vladykovi","Deletion","Romanogobio vladykovi","5329","Remains"
"330","5931","Gobius auratus","Deletion","Gobius luteus","not found in Natura2000 List","not available"
"331","5933","Gobius jozo","Deletion","Gobius niger jozo","not found in Natura2000 List","not available"
"332","6043","Gobius luteus","Deletion","Gobius auratus","not found in Natura2000 List","not available"
"333","6044","Gobius niger","Deletion","Awaous commersoni","not found in Natura2000 List","not available"
"334","6045","Gobius niger jozo","Deletion","Gobius jozo","not found in Natura2000 List","not available"
"335","6167","Gomphus flavipes","Deletion","Stylurus flavipes","1040","Remains"
"336","6312","Graellsia isabelae","Deletion","Graellsia isabellae","1075","Remains"
"337","6312","Graellsia isabelae","Deletion","Actias isabellae","not found in Natura2000 List","not available"
"338","6046","Guttigadus latifrons","Deletion","Laemonema latifrons","not found in Natura2000 List","not available"
"339","6190","Gymnadenia runei","Deletion","Gymnigritella runei","1959","Remains"
"340","5667","Hemiechinus auritus","Deletion","Hemiechinus auritus dorotheae","not found in Natura2000 List","not available"
"341","5992","Hemiechinus auritus dorotheae","Deletion","Hemiechinus auritus","not found in Natura2000 List","not available"
"342","5936","Hemirhamphus calabaricus","Deletion","Hyporhamphus picarti","not found in Natura2000 List","not available"
"343","6233","Herniaria berlengiana","Deletion","Herniaria lusitanica subsp. berlengiana","1449","Remains"
"344","1466","Herniaria latifolia subsp. litardierei","Deletion","Herniaria litardierei","6217","Remains"
"345","2327","Himantoglossum caprinum","Deletion","Himantoglossum hircinum subsp. caprinum","not found in Natura2000 List","not available"
"346","2327","Himantoglossum caprinum","Deletion","Himantoglossum jankae","6927","Addition"
"347","6218","Himantoglossum hircinum subsp. caprinum","Deletion","Himantoglossum caprinum","not found in Natura2000 List","not available"
"348","6218","Himantoglossum hircinum subsp. caprinum","Deletion","Himantoglossum jankae","6927","Addition"
"349","5671","Hippocampus guttulatus","Deletion","Hippocampus ramulosus","not found in Natura2000 List","not available"
"350","5993","Hippocampus ramulosus","Deletion","Hippocampus guttulatus","not found in Natura2000 List","not available"
"351","5189","Huperzia selago","Deletion","Lycopodium selago","not found in Natura2000 List","not available"
"352","6219","Hyacinthoides mauritanica subsp. vincentina","Deletion","Hyacinthoides vincentina","1851","Remains"
"353","1181","Hydromantes ambrosii","Deletion","Speleomantes ambrosii","6206","Remains"
"354","1182","Hydromantes flavus","Deletion","Speleomantes flavus","6207","Remains"
"355","1180","Hydromantes genei","Deletion","Speleomantes genei","6205","Remains"
"356","1184","Hydromantes imperialis","Deletion","Speleomantes imperialis","6209","Remains"
"357","6210","Hydromantes italicus","Deletion","Speleomantes italicus","not found in Natura2000 List","not available"
"358","1994","Hydromantes strinatii","Deletion","Speleomantes strinatii","6211","Remains"
"359","1183","Hydromantes supramontis","Deletion","Speleomantes supramontis","6208","Remains"
"360","6165","Hyla arborea sarda","Deletion","Hyla sarda","1204","Remains"
"361","6047","Hymenocephalus italicus","Deletion","Macrurus heterolepis","not found in Natura2000 List","not available"
"362","2036","Hyperoodon rostratus","Deletion","Hyperoodon ampullatus","5033","Remains"
"363","1052","Hypodryas maturna","Deletion","Euphydryas maturna","6169","Remains"
"364","6048","Hyporhamphus picarti","Deletion","Hemirhamphus calabaricus","not found in Natura2000 List","not available"
"365","1495","Iberis arbuscula","Deletion","Iberis runemarkii","6194","Remains"
"366","1118","Iberocypris palaciosi","Deletion","Squalius palaciosi","7021","Addition"
"367","6049","Ictalurus melas","Deletion","Ameiurus melas","not found in Natura2000 List","not available"
"368","6050","Ictalurus nebulosus","Deletion","Ameiurus nebulosus","not found in Natura2000 List","not available"
"369","6220","Iris humilis","Deletion","Iris humilis subsp. arenaria","4098","Remains"
"370","1753","Jasione lusitanica","Deletion","Jasione maritima var. sabularia","6982","Addition"
"371","1499","Jonopsidium savianum","Deletion","Ionopsidium savianum","7004","Addition"
"372","1392","Jungermannia handelii","Deletion","Solenostoma handelii","7027","Addition"
"373","6051","Knipowitschia caucasica","Deletion","Bubyr caucasicus kosswigii","not found in Natura2000 List","not available"
"374","5677","Knipowitschia punctatissima","Deletion","Orsinigobius punctatissimus","not found in Natura2000 List","not available"
"375","6273","Kochia saxicola","Deletion","Eokochia saxicola","6955","Addition"
"376","6273","Kochia saxicola","Deletion","Bassia saxicola","not found in Natura2000 List","not available"
"377","6052","Labrus viridis","Deletion","Thalassoma lunare","not found in Natura2000 List","not available"
"378","6083","Lacerta agilis agilis","Deletion","Lacerta agilis","1261","Remains"
"379","2395","Lacerta anatolica","Deletion","Anatololacerta anatolica","5373","Remains"
"380","5274","Lacerta aranica","Deletion","Iberolacerta aranica","5257","Remains"
"381","2396","Lacerta armeniaca","Deletion","Darevskia armeniaca","not found in Natura2000 List","not available"
"382","5275","Lacerta aurelioi","Deletion","Iberolacerta aurelioi","5258","Remains"
"383","1245","Lacerta bedriagae","Deletion","Archaeolacerta bedriagae","5912","Remains"
"384","6202","Lacerta bedriagae paessleri","Deletion","Archaeolacerta bedriagae","5912","Remains"
"385","6202","Lacerta bedriagae paessleri","Deletion","Lacerta bedriagae","not found in Natura2000 List","not available"
"386","1995","Lacerta bonnali","Deletion","Iberolacerta bonnali","5259","Remains"
"387","2400","Lacerta caucasica","Deletion","Darevskia caucasica","not found in Natura2000 List","not available"
"388","2404","Lacerta derjugini","Deletion","Darevskia derjugini","not found in Natura2000 List","not available"
"389","1247","Lacerta dugesii","Deletion","Teira dugesii","6201","Remains"
"390","6081","Lacerta dugesii maulli","Deletion","Teira dugesii","6201","Remains"
"391","6081","Lacerta dugesii maulli","Deletion","Lacerta dugesii","not found in Natura2000 List","not available"
"392","1236","Lacerta graeca","Deletion","Hellenolacerta graeca","6079","Remains"
"393","1262","Lacerta horvathi","Deletion","Iberolacerta horvathi","5676","Remains"
"394","2409","Lacerta mosorensis","Deletion","Archaeolacerta mosorensis","not found in Natura2000 List","not available"
"395","2409","Lacerta mosorensis","Deletion","Dinarolacerta mosorensis","6342","Remains"
"396","6082","Lacerta muralis","Deletion","Podarcis muralis","1256","Remains"
"397","2410","Lacerta oertzeni","Deletion","Anatololacerta oertzeni","5372","Remains"
"398","2411","Lacerta oxycephala","Deletion","Archaeolacerta oxycephala","not found in Natura2000 List","not available"
"399","2411","Lacerta oxycephala","Deletion","Dalmatolacerta oxycephala","6341","Remains"
"400","2415","Lacerta praticola","Deletion","Darevskia praticola","not found in Natura2000 List","not available"
"401","6022","Lacerta tangitana","Deletion","Timon tangitanus","not found in Natura2000 List","not available"
"402","6084","Lacerta viridis viridis","Deletion","Lacerta viridis","1263","Remains"
"403","2424","Lacerta vivipara","Deletion","Zootoca vivipara","not found in Natura2000 List","not available"
"404","5680","Lacerta vivipara carniolica","Deletion","Zootoca vivipara","not found in Natura2000 List","not available"
"405","6115","Lacerta vivipara vivipara","Deletion","Zootoca vivipara","not found in Natura2000 List","not available"
"406","5934","Laemonema latifrons","Deletion","Guttigadus latifrons","not found in Natura2000 List","not available"
"407","6152","Lampetra zanandreai","Deletion","Lethenteron zanandreai","1097","Remains"
"408","6053","Leiciscus delineatus","Deletion","Leucaspius delineatus","not found in Natura2000 List","not available"
"409","1759","Leontodon microcephalus","Deletion","Scorzoneroides microcephala","7019","Addition"
"410","5246","Lepidotis inundata","Deletion","Lycopodium inundatum","not found in Natura2000 List","not available"
"411","5246","Lepidotis inundata","Deletion","Lycopodiella inundata","5191","Remains"
"412","2605","Lepus capensis","Deletion","Lepus capensis cyprius","not found in Natura2000 List","not available"
"413","2605","Lepus capensis","Deletion","Lepus capensis mediterraneus","not found in Natura2000 List","not available"
"414","6130","Lepus capensis cyprius","Deletion","Lepus capensis","not found in Natura2000 List","not available"
"415","6129","Lepus capensis mediterraneus","Deletion","Lepus capensis","not found in Natura2000 List","not available"
"416","5693","Lepus timidus hibrenicus","Deletion","Lepus timidus hibernicus","not found in Natura2000 List","not available"
"417","5941","Leucaspius delineatus","Deletion","Leiciscus delineatus","not found in Natura2000 List","not available"
"418","6054","Leuciscus aradensis","Deletion","Squalius aradensis","not found in Natura2000 List","not available"
"419","6004","Leuciscus borysthenicus","Deletion","Petroleuciscus borysthenicus","not found in Natura2000 List","not available"
"420","6055","Leuciscus carolitertii","Deletion","Squalius carolitertii","not found in Natura2000 List","not available"
"421","6056","Leuciscus cephalus","Deletion","Squalius cephalus","not found in Natura2000 List","not available"
"422","6019","Leuciscus cephalus pyrenaicus","Deletion","Squalius pyrenaicus","not found in Natura2000 List","not available"
"423","6057","Leuciscus cephalus vardarensis","Deletion","Squalius vardarensis","not found in Natura2000 List","not available"
"424","6193","Leuciscus keadicus","Deletion","Squalius keadicus","5332","Remains"
"425","1132","Leuciscus lucumonis","Deletion","Squalius lucumonis","6148","Remains"
"426","6192","Leuciscus muticellus","Deletion","Telestes muticellus","5331","Remains"
"427","5099","Leuciscus pleurobipunctatus","Deletion","Telestes pleurobipunctatus","5334","Remains"
"428","6020","Leuciscus pyrenaicus","Deletion","Squalius pyrenaicus","not found in Natura2000 List","not available"
"429","6058","Leuciscus souffia agassizi","Deletion","Telestes agassizi","not found in Natura2000 List","not available"
"430","6059","Leuciscus torgalensis","Deletion","Squalius torgalensis","not found in Natura2000 List","not available"
"431","1871","Leucojum nicaeense","Deletion","Acis nicaeensis","6176","Remains"
"432","6222","Leuzea centauroides","Deletion","Rhaponticum centauroides","not found in Natura2000 List","not available"
"433","6222","Leuzea centauroides","Deletion","Stemmacantha cynaroides","not found in Natura2000 List","not available"
"434","6222","Leuzea centauroides","Deletion","Rhaponticum canariense","7031","Addition"
"435","1841","Lilium rubrum","Deletion","Lilium pomponium","6223","Remains"
"436","1649","Limonium arborescens","Deletion","Limonium arboreum","7030","Addition"
"437","6278","Linaria odora subsp. loeselii","Deletion","Linaria loeselii","2216","Remains"
"438","6224","Linum maritimum","Deletion","Linum muelleri ","not found in Natura2000 List","not available"
"439","6010","Lipophrys pavo","Deletion","Salaria pavo","not found in Natura2000 List","not available"
"440","5701","Lissotriton boscai","Deletion","Triturus boscai","not found in Natura2000 List","not available"
"441","5916","Lissotriton helveticus","Deletion","Triturus helveticus","not found in Natura2000 List","not available"
"442","5702","Lissotriton montadoni","Deletion","Triturus montandoni","2001","Remains"
"443","1668","Lithodora nitida","Deletion","Glandora nitida","7023","Addition"
"444","5280","Luciobarbus albanicus","Deletion","Barbus albanicus","5180","Remains"
"445","5918","Luciobarbus capito","Deletion","Barbus capito","not found in Natura2000 List","not available"
"446","6013","Lucioperca lucioperca","Deletion","Sander lucioperca","not found in Natura2000 List","not available"
"447","6012","Lucioperca sandra","Deletion","Sander lucioperca","not found in Natura2000 List","not available"
"448","6274","Luzula nivalis","Deletion","Luzula arctica","1961","Remains"
"449","5190","Lycopodiella cernua","Deletion","Lycopodium cernuum","not found in Natura2000 List","not available"
"450","5245","Lycopodium cernuum","Deletion","Lycopodiella cernua","not found in Natura2000 List","not available"
"451","6304","Lycopodium inundatum","Deletion","Lepidotis inundata","not found in Natura2000 List","not available"
"452","6304","Lycopodium inundatum","Deletion","Lycopodiella inundata","5191","Remains"
"453","6311","Lycopodium selago","Deletion","Huperzia selago","not found in Natura2000 List","not available"
"454","6225","Lythrum junceum","Deletion","Lythrum flexuosum ","not found in Natura2000 List","not available"
"455","5709","Macroprotodon brevis","Deletion","Macroprotodon cucullatus brevis","not found in Natura2000 List","not available"
"456","5996","Macroprotodon cucullatus brevis","Deletion","Macroprotodon brevis","not found in Natura2000 List","not available"
"457","5710","Macrovipera lebetina","Deletion","Vipera lebetina","not found in Natura2000 List","not available"
"458","5935","Macrurus heterolepis","Deletion","Hymenocephalus italicus","not found in Natura2000 List","not available"
"459","6226","Mandragora autumnalis","Deletion","Mandragora officinarum ","not found in Natura2000 List","not available"
"460","2630","Martes foina","Deletion","Martes foina bunites","not found in Natura2000 List","not available"
"461","2630","Martes foina","Deletion","Martes foina foina","not found in Natura2000 List","not available"
"462","5971","Martes foina bunites","Deletion","Martes foina","not found in Natura2000 List","not available"
"463","5972","Martes foina foina","Deletion","Martes foina","not found in Natura2000 List","not available"
"464","1222","Mauremys caspica","Deletion","Mauremys rivulata","2373","Remains"
"465","1031","Microcondylaea compressa","Deletion","Microcondylaea bonellii","6988","Addition"
"466","1697","Micromeria taygetea","Deletion","Clinopodium taygeteum","6999","Addition"
"467","5723","Microtus gerbei","Deletion","Microtus pyrenaicus","not found in Natura2000 List","not available"
"468","5987","Microtus nivalis","Deletion","Chionomys nivalis","not found in Natura2000 List","not available"
"469","5998","Microtus pyrenaicus","Deletion","Microtus gerbei","not found in Natura2000 List","not available"
"470","6227","Minuartia verna subsp. verna","Deletion","Minuartia smejkalii","2077","Remains"
"471","1460","Moehringia fontqueri","Deletion","Arenaria funiculata","6949","Addition"
"472","1460","Moehringia fontqueri","Deletion","Moehringia intricata subsp. tejedensis","not found in Natura2000 List","not available"
"473","1460","Moehringia fontqueri","Deletion","Moehringia tejedensis","not found in Natura2000 List","not available"
"474","6228","Moehringia intricata subsp. tejedensis","Deletion","Moehringia tejedensis","not found in Natura2000 List","not available"
"475","6228","Moehringia intricata subsp. tejedensis","Deletion","Moehringia intricata subsp. tejedensis","not found in Natura2000 List","not available"
"476","6271","Moehringia laterifolia","Deletion","Moehringia lateriflora","1962","Remains"
"477","6229","Moehringia tejedensis","Deletion","Moehringia intricata subsp. tejedensis","not found in Natura2000 List","not available"
"478","6229","Moehringia tejedensis","Deletion","Moehringia fontqueri","not found in Natura2000 List","not available"
"479","6096","Montivipera xanthina","Deletion","Vipera xanthina","1294","Remains"
"480","1089","Morimus funereus","Deletion","Morimus asper funereus","6908","Addition"
"481","5735","Mullus barbatus","Deletion","Mullus barbatus ponticus","not found in Natura2000 List","not available"
"482","5999","Mullus barbatus ponticus","Deletion","Mullus barbatus","not found in Natura2000 List","not available"
"483","5928","Muraena conger","Deletion","Conger conger","not found in Natura2000 List","not available"
"484","6275","Murbeckiella boryi","Deletion","Murbeckiella pinnatifida subsp. herminii ","not found in Natura2000 List","not available"
"485","6101","Muscardinus avellanarius reus","Deletion","Muscardinus avellanarius","1341","Remains"
"486","1850","Muscari gussonei","Deletion","Leopoldia gussonei","6281","Remains"
"487","2632","Mustela erminea","Deletion","Mustela erminea erminea","not found in Natura2000 List","not available"
"488","5973","Mustela erminea erminea","Deletion","Mustela erminea","not found in Natura2000 List","not available"
"489","2634","Mustela nivalis","Deletion","Mustela nivalis baccamela","not found in Natura2000 List","not available"
"490","2634","Mustela nivalis","Deletion","Mustela nivalis boccamela","not found in Natura2000 List","not available"
"491","2634","Mustela nivalis","Deletion","Mustela nivalis galinthias","not found in Natura2000 List","not available"
"492","5974","Mustela nivalis baccamela","Deletion","Mustela nivalis","not found in Natura2000 List","not available"
"493","5975","Mustela nivalis boccamela","Deletion","Mustela nivalis","not found in Natura2000 List","not available"
"494","5976","Mustela nivalis galinthias","Deletion","Mustela nivalis","not found in Natura2000 List","not available"
"495","5366","Myotis escalarai","Deletion","Myotis escalerai","5278","Remains"
"496","6023","Myoxocephalus quadricornis","Deletion","Triglopsis quadricornis","not found in Natura2000 List","not available"
"497","5968","Myoxus glis","Deletion","Glis glis","not found in Natura2000 List","not available"
"498","1435","Myrica rivas-martinezii","Deletion","Morella rivas-martinezii","7024","Addition"
"499","6172","Narcissus assoanus subsp. praelongus","Deletion","Narcissus assoanus","6951","Addition"
"500","6172","Narcissus assoanus subsp. praelongus","Deletion","Narcissus juncifolius","not found in Natura2000 List","not available"
"501","1859","Narcissus humilis","Deletion","Narcissus cavanillesii","6276","Remains"
"502","6277","Narcissus jonquilla subsp. fernandesii","Deletion","Narcissus fernandesii","1860","Remains"
"503","5192","Narcissus juncifolius","Deletion","Narcissus assoanus","6951","Addition"
"504","5192","Narcissus juncifolius","Deletion","Narcissus assoanus subsp. praelongus","not found in Natura2000 List","not available"
"505","1867","Narcissus longispathus","Deletion","Narcissus nevadensis subsp. longispathus","7014","Addition"
"506","6230","Narcissus pseudonarcissus subsp. nevadensis","Deletion","Narcissus nevadensis","1858","Remains"
"507","5753","Natrix natrix cettii","Deletion","Natrix natrix cetti","1290","Remains"
"508","6060","Neogobius gymnotrachelus","Deletion","Babka gymnotrachelus","not found in Natura2000 List","not available"
"509","6061","Neogobius kessleri","Deletion","Ponticola gorlap","not found in Natura2000 List","not available"
"510","6062","Neogobius platyrostris","Deletion","Ponticola eurycephalus","not found in Natura2000 List","not available"
"511","6063","Neogobius ratan","Deletion","Ponticola ratan","not found in Natura2000 List","not available"
"512","6064","Neogobius syrman","Deletion","Ponticola syrman","not found in Natura2000 List","not available"
"513","1683","Nepeta dirphya","Deletion","Nepeta argolica subsp. dirphya","6283","Remains"
"514","5984","Noemacheilus barbatulus","Deletion","Barbatula barbatula","not found in Natura2000 List","not available"
"515","5765","Nyctalus noctua","Deletion","Nyctalus noctula","1312","Remains"
"516","1709","Odontites granatensis","Deletion","Odontites viscosus subsp. granatensis","7025","Addition"
"517","5768","Oncorhynchus mykiss","Deletion","Salmo gairdneri","not found in Natura2000 List","not available"
"518","6231","Ononis maweana","Deletion","Ononis hackelii","1549","Remains"
"519","6272","Ophiogomphus serpentinus","Deletion","Ophiogomphus cecilia","1037","Remains"
"520","1904","Ophrys argolica","Deletion","Ophrys argolica subsp. argolica","7002","Addition"
"521","2329","Ophrys kotschyi","Deletion","Ophrys kotschyi subsp. kotschyi","7009","Addition"
"522","5994","Orsinigobius punctatissimus","Deletion","Knipowitschia punctatissima","not found in Natura2000 List","not available"
"523","5985","Orthrias barbatulus","Deletion","Barbatula barbatula","not found in Natura2000 List","not available"
"524","6142","Ovis ammon musimon","Deletion","Ovis aries musimon","6959","Addition"
"525","6142","Ovis ammon musimon","Deletion","Ovis gmelini musimon","not found in Natura2000 List","not available"
"526","5775","Ovis aries","Deletion","Ovis musimon","not found in Natura2000 List","not available"
"527","5775","Ovis aries","Deletion","Ovis orientalis","not found in Natura2000 List","not available"
"528","1373","Ovis gmelini musimon","Deletion","Ovis aries musimon","6959","Addition"
"529","1373","Ovis gmelini musimon","Deletion","Ovis ammon musimon","not found in Natura2000 List","not available"
"530","6251","Ovis gmelini ophion","Deletion","Ovis orientalis ophion","4005","Remains"
"531","6002","Ovis musimon","Deletion","Ovis aries","not found in Natura2000 List","not available"
"532","6001","Ovis orientalis","Deletion","Ovis aries","not found in Natura2000 List","not available"
"533","5776","Oxynoemacheilus bureschi","Deletion","Barbatula bureschi","not found in Natura2000 List","not available"
"534","5958","Pagrus pagrus","Deletion","Sparus pargus","not found in Natura2000 List","not available"
"535","1964","Papaver laestadianum","Deletion","Papaver radicatumsubsp.laestadianum","not found in Natura2000 List","not available"
"536","1965","Papaver radicatum subsp. hyperboreum","Deletion","Papaver radicatum subsp. radicatum","6953","Addition"
"537","5923","Parablennius incognitus","Deletion","Blennius incognitus","not found in Natura2000 List","not available"
"538","5922","Parablennius rouxi","Deletion","Blenius rouxi","not found in Natura2000 List","not available"
"539","5957","Pegusa nasuta","Deletion","Solea nasuta","not found in Natura2000 List","not available"
"540","1602","Petagnia saniculifolia","Deletion","Petagnaea gussonei","6950","Addition"
"541","5784","Petroleuciscus borysthenicus","Deletion","Leuciscus borysthenicus","not found in Natura2000 List","not available"
"542","1817","Phagnalon benettii","Deletion","Phagnalon saxatile","6234","Remains"
"543","1817","Phagnalon benettii","Deletion","Phagnalon hansenii","not found in Natura2000 List","not available"
"544","6235","Phagnalon hansenii","Deletion","Phagnalon saxatile","6234","Remains"
"545","6235","Phagnalon hansenii","Deletion","Phagnalon benettii","not found in Natura2000 List","not available"
"546","6265","Phengaris arion","Deletion","Maculinea arion","1058","Remains"
"547","6179","Phengaris nausithous","Deletion","Maculinea nausithous","1061","Remains"
"548","6177","Phengaris teleius","Deletion","Maculinea teleius","1059","Remains"
"549","5018","Phoca groenlandica","Deletion","Pagophilus groenlandicus","2639","Remains"
"550","2640","Phoca hispida","Deletion","Pusa hispida","6305","Remains"
"551","1938","Phoca hispida botnica","Deletion","Phoca hispida bottnica","not found in Natura2000 List","not available"
"552","1938","Phoca hispida botnica","Deletion","Pusa hispida botnica","6307","Remains"
"553","2641","Phoca hispida ladogensis","Deletion","Pusa hispida ladogensis","not found in Natura2000 List","not available"
"554","1913","Phoca hispida saimensis","Deletion","Pusa hispida saimensis","6306","Remains"
"555","5098","Phoxinellus epiroticus","Deletion","Pelasgus epiroticus","6263","Remains"
"556","5100","Phoxinellus prespensis","Deletion","Pelasgus prespensis","6264","Remains"
"557","2525","Phoxinellus stymphalicus","Deletion","Pseudophoxinus stymphalicus","not found in Natura2000 List","not available"
"558","2525","Phoxinellus stymphalicus","Deletion","Pelasgus stymphalicus","5333","Remains"
"559","4009","Phoxinus percnurus","Deletion","Rhynchocypris percnurus","6236","Remains"
"560","4009","Phoxinus percnurus","Deletion","Phoxinus perenurus","not found in Natura2000 List","not available"
"561","6237","Phoxinus perenurus","Deletion","Rhynchocypris percnurus","6236","Remains"
"562","6237","Phoxinus perenurus","Deletion","Phoxinus percnurus","not found in Natura2000 List","not available"
"563","1229","Phyllodactylus europaeus","Deletion","Euleptes europaea","6137","Remains"
"564","5031","Physeter catodon","Deletion","Physeter macrocephalus","2624","Remains"
"565","1311","Pipistrellus savii","Deletion","Hypsugo savii","5365","Remains"
"566","1311","Pipistrellus savii","Deletion","Vespertilio savii","not found in Natura2000 List","not available"
"567","1063","Plebicula golgus","Deletion","Polyommatus golgus","7018","Addition"
"568","1266","Podarcis hispanica atrata","Deletion","Podarcis liolepis atrata","6946","Addition"
"569","5796","Podarcis raffonei antoninoi","Deletion","Podarcis raffonei","not found in Natura2000 List","not available"
"570","5797","Podarcis raffonei raffonei","Deletion","Podarcis raffonei","not found in Natura2000 List","not available"
"571","6080","Podarcis wagleriana wagleriana","Deletion","Podarcis wagleriana","not found in Natura2000 List","not available"
"572","6080","Podarcis wagleriana wagleriana","Deletion","Podarcis waglerianus","1244","Remains"
"573","6256","Polygonum foliosum","Deletion","Persicaria foliosa","1966","Remains"
"574","6006","Pomatomus saltamus","Deletion","Pomatomus saltatrix","not found in Natura2000 List","not available"
"575","6005","Pomatomus saltator","Deletion","Pomatomus saltatrix","not found in Natura2000 List","not available"
"576","5802","Pomatomus saltatrix","Deletion","Pomatomus saltamus","not found in Natura2000 List","not available"
"577","5802","Pomatomus saltatrix","Deletion","Pomatomus saltator","not found in Natura2000 List","not available"
"578","5950","Ponticola eurycephalus","Deletion","Neogobius platyrostris","not found in Natura2000 List","not available"
"579","5949","Ponticola gorlap","Deletion","Neogobius kessleri","not found in Natura2000 List","not available"
"580","5951","Ponticola ratan","Deletion","Neogobius ratan","not found in Natura2000 List","not available"
"581","5952","Ponticola syrman","Deletion","Neogobius syrman","not found in Natura2000 List","not available"
"582","1626","Primula spectabilis","Deletion","Primula polliniana","7010","Addition"
"583","4023","Propomacrus cypriacus","Deletion","Propomacrus bimucronatus cypriacus","7032","Addition"
"584","1540","Prunus lusitanica subsp. azorica","Deletion","Prunus azorica","7001","Addition"
"585","5953","Psetta maeotica","Deletion","Psetta maxima maeotica","not found in Natura2000 List","not available"
"586","5806","Psetta maxima","Deletion","Scophthalmus maximus","not found in Natura2000 List","not available"
"587","6065","Psetta maxima maeotica","Deletion","Psetta maeotica","not found in Natura2000 List","not available"
"588","6066","Pseudolepidaplois scrofa","Deletion","Bodianus scrofa","not found in Natura2000 List","not available"
"589","2527","Pseudophoxinus stymphalicus","Deletion","Phoxinellus stymphalicus","not found in Natura2000 List","not available"
"590","2527","Pseudophoxinus stymphalicus","Deletion","Pelasgus stymphalicus","5333","Remains"
"591","6085","Pseudopus apodus","Deletion","Ophisaurus apodus","1269","Remains"
"592","6238","Puccinellia fasciculata subsp. pungens","Deletion","Puccinellia pungens","1889","Remains"
"593","6185","Pulsatilla halleri subsp. slavica","Deletion","Anemone slavica","not found in Natura2000 List","not available"
"594","6185","Pulsatilla halleri subsp. slavica","Deletion","Pulsatilla slavica","2094","Remains"
"595","6184","Pulsatilla vulgaris subsp. grandis","Deletion","Pulsatilla grandis","2093","Remains"
"596","6308","Pusa hispida ladogensis","Deletion","Phoca hispida ladogensis","not found in Natura2000 List","not available"
"597","6103","Putoris putoris","Deletion","Mustela putorius","1358","Remains"
"598","6141","Putorius eversmani","Deletion","Mustela eversmanii","2633","Remains"
"599","5360","Rana bedriagae","Deletion","Pelophylax bedriagae","6990","Addition"
"600","5362","Rana cerigensis","Deletion","Pelophylax cerigensis","6992","Addition"
"601","5361","Rana cretensis","Deletion","Pelophylax cretensis","6991","Addition"
"602","1210","Rana esculenta","Deletion","Pelophylax esculentus","6976","Addition"
"603","5363","Rana kurtmuelleri","Deletion","Pelophylax kurtmuelleri","6954","Addition"
"604","1207","Rana lessonae","Deletion","Pelophylax lessonae","6981","Addition"
"605","1211","Rana perezi","Deletion","Pelophylax perezi","6945","Addition"
"606","1212","Rana ridibunda","Deletion","Pelophylax ridibundus","6938","Addition"
"607","6221","Rhaponticum centauroides","Deletion","Stemmacantha cynaroides","not found in Natura2000 List","not available"
"608","6221","Rhaponticum centauroides","Deletion","Leuzea centauroides","not found in Natura2000 List","not available"
"609","6221","Rhaponticum centauroides","Deletion","Rhaponticum canariense","7031","Addition"
"610","6314","Rhodeus amarus meridionalis","Deletion","Rhodeus meridionalis","5340","Remains"
"611","6250","Rupicapra rupicapra ornata","Deletion","Rupicapra pyrenaica ornata","1374","Remains"
"612","1123","Rutilus alburnoides","Deletion","Squalius alburnoides","6975","Addition"
"613","1123","Rutilus alburnoides","Deletion","Tropidophoxinellus alburnoides","not found in Natura2000 List","not available"
"614","1127","Rutilus arcasii","Deletion","Achondrostoma arcasii","6155","Remains"
"615","5821","Rutilus aula","Deletion","Rutilus erythrophthalmus","not found in Natura2000 List","not available"
"616","6008","Rutilus erythrophthalmus","Deletion","Rutilus aula","not found in Natura2000 List","not available"
"617","1139","Rutilus frisii meidingeri","Deletion","Rutilus meidingeri","6146","Remains"
"618","6075","Rutilus pigus virgo","Deletion","Rutilus virgo","5345","Remains"
"619","5967","Sabanejewia aurata bulgarica","Deletion","Sabanejewia bulgarica","5347","Remains"
"620","6253","Salamandra luschani","Deletion","Mertensiella luschani","1176","Remains"
"621","5825","Salaria fluviatilis","Deletion","Blennius fluviatilis","not found in Natura2000 List","not available"
"622","5826","Salaria pavo","Deletion","Lipophrys pavo","not found in Natura2000 List","not available"
"623","6000","Salmo gairdneri","Deletion","Oncorhynchus mykiss","not found in Natura2000 List","not available"
"624","5829","Salmo labrax","Deletion","Salmo trutta labrax","not found in Natura2000 List","not available"
"625","6074","Salmo salar sebago","Deletion","Salmo salar","1106","Remains"
"626","5830","Salmo trutta","Deletion","Salmo trutta trutta","not found in Natura2000 List","not available"
"627","6011","Salmo trutta labrax","Deletion","Salmo labrax","not found in Natura2000 List","not available"
"628","6262","Salmo trutta trutta","Deletion","Salmo trutta","not found in Natura2000 List","not available"
"629","6067","Salvelinus salvelinus","Deletion","Salvelinus umbla","not found in Natura2000 List","not available"
"630","5955","Salvelinus umbla","Deletion","Salvelinus salvelinus","not found in Natura2000 List","not available"
"631","1745","Sambucus palmensis","Deletion","Sambucus nigra subsp. palmensis","6294","Remains"
"632","5834","Sander lucioperca","Deletion","Lucioperca lucioperca","not found in Natura2000 List","not available"
"633","5834","Sander lucioperca","Deletion","Lucioperca sandra","not found in Natura2000 List","not available"
"634","5834","Sander lucioperca","Deletion","Stizostedion lucioperca","not found in Natura2000 List","not available"
"635","5835","Sander volgensis","Deletion","Ztizostedion volgense","not found in Natura2000 List","not available"
"636","1394","Scapania massalongii","Deletion","Scapania carinthiaca","6166","Remains"
"637","5838","Scardinius erythrophthalmus","Deletion","Scardinius racovitzai","not found in Natura2000 List","not available"
"638","6016","Scardinius racovitzai","Deletion","Scardinius erythrophthalmus","not found in Natura2000 List","not available"
"639","6160","Scilla lochiae","Deletion","Chionodoxa luciliae","not found in Natura2000 List","not available"
"640","6160","Scilla lochiae","Deletion","Chionodoxa lochiae","2283","Remains"
"641","6112","Sciuropterus russicus","Deletion","Pteromys volans","1910","Remains"
"642","2607","Sciurus vulgaris","Deletion","Sciurus vulgaris linnaeus","not found in Natura2000 List","not available"
"643","6131","Sciurus vulgaris linnaeus","Deletion","Sciurus vulgaris","not found in Natura2000 List","not available"
"644","6007","Scophthalmus maximus","Deletion","Psetta maxima","not found in Natura2000 List","not available"
"645","6068","Scorpaena maderensis","Deletion","Scorpaena madurensis","not found in Natura2000 List","not available"
"646","5956","Scorpaena madurensis","Deletion","Scorpaena maderensis","not found in Natura2000 List","not available"
"647","1708","Scrophularia grandiflora subsp. grandiflora","Deletion","Scrophularia grandiflora","6983","Addition"
"648","6239","Semele androgyna var. androgyna","Deletion","Semele androgyna","not found in Natura2000 List","not available"
"649","6239","Semele androgyna var. androgyna","Deletion","Semele maderensis ","not found in Natura2000 List","not available"
"650","1804","Senecio elodes","Deletion","Tephroseris elodes","7022","Addition"
"651","1974","Senecio jacobaea subsp. gotlandicus","Deletion","Jacobaea vulgaris subsp. gotlandica","6288","Remains"
"652","6240","Senecio pyrenaicus subsp. caespitosus","Deletion","Senecio caespitosus","1773","Remains"
"653","4087","Serratula lycopifolia","Deletion","Klasea lycopifolia","6282","Remains"
"654","1346","Sibbaldus musculus","Deletion","Balaenoptera musculus","5020","Remains"
"655","1688","Sideritis incana subsp. glauca","Deletion","Sideritis glauca","7020","Addition"
"656","1651","Sideroxylon marmulano","Deletion","Sideroxylon mirmulans","6986","Addition"
"657","1975","Silene furcata subsp. angustiflora","Deletion","Silene involucrata subsp. tenella","6181","Remains"
"658","6069","Solea nasuta","Deletion","Pegusa nasuta","not found in Natura2000 List","not available"
"659","5849","Solea solea","Deletion","Solea vulgaris","not found in Natura2000 List","not available"
"660","6017","Solea vulgaris","Deletion","Solea solea","not found in Natura2000 List","not available"
"661","6241","Sorbus meinichii","Deletion","Sorbus teodori","1976","Remains"
"662","6127","Sorex araneus linnaeus","Deletion","Sorex araneus","not found in Natura2000 List","not available"
"663","6128","Sorex minutus linnaeus","Deletion","Sorex minutus","not found in Natura2000 List","not available"
"664","6018","Sparus aurata","Deletion","Sparus auratus","not found in Natura2000 List","not available"
"665","5854","Sparus auratus","Deletion","Sparus aurata","not found in Natura2000 List","not available"
"666","5929","Sparus dentex","Deletion","Dentex dentex","not found in Natura2000 List","not available"
"667","6070","Sparus pargus","Deletion","Pagrus pagrus","not found in Natura2000 List","not available"
"668","1185","Speleomantes italicus","Deletion","Hydromantes italicus","not found in Natura2000 List","not available"
"669","5400","Sphagnum andersonianum","Deletion","Sphagnum rubellum","not found in Natura2000 List","not available"
"670","5409","Sphagnum auriculatum","Deletion","Sphagnum denticulatum","not found in Natura2000 List","not available"
"671","5215","Sphagnum capillifolium","Deletion","Sphagnum tenerum","not found in Natura2000 List","not available"
"672","5201","Sphagnum cuspidatum","Deletion","Sphagnum viride","not found in Natura2000 List","not available"
"673","5219","Sphagnum denticulatum","Deletion","Sphagnum auriculatum","not found in Natura2000 List","not available"
"674","5236","Sphagnum rubellum","Deletion","Sphagnum andersonianum","not found in Natura2000 List","not available"
"675","5408","Sphagnum tenerum","Deletion","Sphagnum capillifolium","not found in Natura2000 List","not available"
"676","5384","Sphagnum viride","Deletion","Sphagnum cuspidatum","not found in Natura2000 List","not available"
"677","5942","Squalius aradensis","Deletion","Leuciscus aradensis","not found in Natura2000 List","not available"
"678","5943","Squalius carolitertii","Deletion","Leuciscus carolitertii","not found in Natura2000 List","not available"
"679","5944","Squalius cephalus","Deletion","Leuciscus cephalus","not found in Natura2000 List","not available"
"680","5857","Squalius pyrenaicus","Deletion","Leuciscus cephalus pyrenaicus","not found in Natura2000 List","not available"
"681","5857","Squalius pyrenaicus","Deletion","Leuciscus pyrenaicus","not found in Natura2000 List","not available"
"682","5947","Squalius torgalensis","Deletion","Leuciscus torgalensis","not found in Natura2000 List","not available"
"683","5945","Squalius vardarensis","Deletion","Leuciscus cephalus vardarensis","not found in Natura2000 List","not available"
"684","1234","Stellio stellio","Deletion","Laudakia stellio","6139","Remains"
"685","1234","Stellio stellio","Deletion","Agama stellio","not found in Natura2000 List","not available"
"686","1818","Stemmacantha cynaroides","Deletion","Rhaponticum centauroides","not found in Natura2000 List","not available"
"687","1818","Stemmacantha cynaroides","Deletion","Leuzea centauroides","not found in Natura2000 List","not available"
"688","1818","Stemmacantha cynaroides","Deletion","Rhaponticum canariense","7031","Addition"
"689","5859","Steno brebanensis","Deletion","Steno bredanensis","2033","Remains"
"690","6014","Stizostedion lucioperca","Deletion","Sander lucioperca","not found in Natura2000 List","not available"
"691","6071","Stomias boa","Deletion","Stomias bonapartei","not found in Natura2000 List","not available"
"692","5959","Stomias bonapartei","Deletion","Stomias boa","not found in Natura2000 List","not available"
"693","1039","Sympecma braueri","Deletion","Sympecma paedisca","6182","Remains"
"694","2540","Syngnathus abaster","Deletion","Syngnathus nigrolineatus","not found in Natura2000 List","not available"
"695","6121","Syngnathus nigrolineatus","Deletion","Syngnathus abaster","not found in Natura2000 List","not available"
"696","5874","Syngnathus typhle","Deletion","Syphonostoma typhle","not found in Natura2000 List","not available"
"697","6021","Syphonostoma typhle","Deletion","Syngnathus typhle","not found in Natura2000 List","not available"
"698","6242","Tanacetum ptarmicaeflorum","Deletion","Tanacetum ptarmiciflorum","1820","Remains"
"699","6094","Telescopus fallax cyprianus","Deletion","Telescopus fallax","1289","Remains"
"700","6093","Telescopus fallax fallax","Deletion","Telescopus fallax","1289","Remains"
"701","5946","Telestes agassizi","Deletion","Leuciscus souffia agassizi","not found in Natura2000 List","not available"
"702","6243","Teucrium pumilum subsp. carolipaui","Deletion","Teucrium lepicephalum","1693","Remains"
"703","5940","Thalassoma lunare","Deletion","Labrus viridis","not found in Natura2000 List","not available"
"704","1618","Thorella verticillatinundata","Deletion","Caropsis verticillato-inundata","6984","Addition"
"705","3029","Thunnus thynnus","Deletion","Thunnus thynnus thynnus","not found in Natura2000 List","not available"
"706","5965","Thunnus thynnus thynnus","Deletion","Thunnus thynnus","not found in Natura2000 List","not available"
"707","6164","Thymus cephalotos","Deletion","Thymus lotocephalus","1682","Remains"
"708","5884","Timon tangitanus","Deletion","Lacerta tangitana","not found in Natura2000 List","not available"
"709","6244","Tozzia alpina subsp. carpathica","Deletion","Tozzia carpathica","4116","Remains"
"710","6072","Trachyrhynchus scabrus","Deletion","Trachyrincus scabrus","not found in Natura2000 List","not available"
"711","5960","Trachyrincus scabrus","Deletion","Trachyrhynchus scabrus","not found in Natura2000 List","not available"
"712","6200","Trichia striolata","Deletion","Discus defloratus (wrongly identified)","not found in Natura2000 List","not available"
"713","1421","Trichomanes speciosum","Deletion","Trichomanes speciosa","not found in Natura2000 List","not available"
"714","1421","Trichomanes speciosum","Deletion","Vandenboschia speciosa","6985","Addition"
"715","6073","Trigla lucerna","Deletion","Chelidonichthys lucernus","not found in Natura2000 List","not available"
"716","5893","Triglopsis quadricornis","Deletion","Myoxocephalus quadricornis","not found in Natura2000 List","not available"
"717","2354","Triturus boscai","Deletion","Lissotriton boscai","not found in Natura2000 List","not available"
"718","6247","Triturus cristatus carnifex","Deletion","Triturus carnifex","1167","Remains"
"719","6246","Triturus cristatus cristatus","Deletion","Triturus cristatus","1166","Remains"
"720","6245","Triturus cristatus dobrogicus","Deletion","Triturus dobrogicus","1993","Remains"
"721","6248","Triturus cristatus karelinii","Deletion","Triturus karelinii","1171","Remains"
"722","2355","Triturus helveticus","Deletion","Lissotriton helveticus","not found in Natura2000 List","not available"
"723","1168","Triturus italicus","Deletion","Lissotriton italicus","6956","Addition"
"724","6076","Tropidophoxinellus alburnoides","Deletion","Squalius alburnoides","6975","Addition"
"725","6076","Tropidophoxinellus alburnoides","Deletion","Rutilus alburnoides","not found in Natura2000 List","not available"
"726","6113","Vespertilio kuhlii","Deletion","Pipistrellus kuhlii","2016","Remains"
"727","5963","Vespertilio savii","Deletion","Hypsugo savii","5365","Remains"
"728","5963","Vespertilio savii","Deletion","Pipistrellus savii","not found in Natura2000 List","not available"
"729","6099","Vespertillo discolor","Deletion","Vespertilio murinus","1332","Remains"
"730","5901","Vimba vimba","Deletion","Vimba vimba tenella","not found in Natura2000 List","not available"
"731","6024","Vimba vimba tenella","Deletion","Vimba vimba","not found in Natura2000 List","not available"
"732","6025","Vipera aspis hugy","Deletion","Vipera aspis hugyi","not found in Natura2000 List","not available"
"733","5903","Vipera aspis hugyi","Deletion","Vipera aspis hugy","not found in Natura2000 List","not available"
"734","5903","Vipera aspis hugyi","Deletion","Vipera hugyi","not found in Natura2000 List","not available"
"735","2473","Vipera berus","Deletion","Vipera vipera","not found in Natura2000 List","not available"
"736","6026","Vipera hugyi","Deletion","Vipera aspis hugyi","not found in Natura2000 List","not available"
"737","5904","Vipera latastei","Deletion","Vipera latasti","not found in Natura2000 List","not available"
"738","6027","Vipera latasti","Deletion","Vipera latastei","not found in Natura2000 List","not available"
"739","5997","Vipera lebetina","Deletion","Macrovipera lebetina","not found in Natura2000 List","not available"
"740","6252","Vipera lebetina schweizeri","Deletion","Macrovipera schweizeri","1296","Remains"
"741","6097","Vipera schweizeri","Deletion","Macrovipera schweizeri","1296","Remains"
"742","6119","Vipera vipera","Deletion","Vipera berus","not found in Natura2000 List","not available"
"743","5906","Vulpes vulpes","Deletion","Vulpes vulpes ichnusae","not found in Natura2000 List","not available"
"744","5906","Vulpes vulpes","Deletion","Vulpes vulpes indutus","not found in Natura2000 List","not available"
"745","6029","Vulpes vulpes ichnusae","Deletion","Vulpes vulpes","not found in Natura2000 List","not available"
"746","6028","Vulpes vulpes indutus","Deletion","Vulpes vulpes","not found in Natura2000 List","not available"
"747","1767","Wagenitzia lancifolia","Deletion","Centaurea lancifolia","7003","Addition"
"748","5910","Zootoca vivipara","Deletion","Lacerta vivipara","not found in Natura2000 List","not available"
"749","5995","Zootoca vivipara carniolica","Deletion","Lacerta vivipara carniolica","not found in Natura2000 List","not available"
"750","6015","Ztizostedion volgense","Deletion","Sander volgensis","not found in Natura2000 List","not available"
"751","A745","Carduelis chloris","Deletion","Chloris chloris","A363","Remains"
"752","A746","Miliaria calandra","Deletion","Emberiza calandra","A383","Remains"
